protein2	protein1	combined_score	GENENAME1	logFC1	adj.P.Val1	Direction1	GENENAME2	logFC2	adj.P.Val2	Direction2
ENSECAP00000002094	ENSECAP00000023276	900	PRPS2	1.16237543664925	0.0364978698698025	up	PRPS2	1.16237543664925	0.0364978698698025	up
ENSECAP00000002094	ENSECAP00000024836	960	PGM2	-1.16002359367149	0.0133376055504917	down	PRPS2	1.16237543664925	0.0364978698698025	up
ENSECAP00000002593	ENSECAP00000019519	823	APP	-1.29810161400719	0.0356082529792493	down	MAPT	-1.24429952908802	0.0133376055504917	down
ENSECAP00000019519	ENSECAP00000002593	823	MAPT	-1.24429952908802	0.0133376055504917	down	APP	-1.29810161400719	0.0356082529792493	down
ENSECAP00000023276	ENSECAP00000002094	900	PRPS2	1.16237543664925	0.0364978698698025	up	PRPS2	1.16237543664925	0.0364978698698025	up
ENSECAP00000023276	ENSECAP00000024836	974	PGM2	-1.16002359367149	0.0133376055504917	down	PRPS2	1.16237543664925	0.0364978698698025	up
ENSECAP00000024836	ENSECAP00000002094	960	PRPS2	1.16237543664925	0.0364978698698025	up	PGM2	-1.16002359367149	0.0133376055504917	down
ENSECAP00000024836	ENSECAP00000023276	974	PRPS2	1.16237543664925	0.0364978698698025	up	PGM2	-1.16002359367149	0.0133376055504917	down
