protein2	protein1	combined_score	GENENAME1	logFC1	P.Value1	adj.P.Val1	Direction1	GENENAME2	logFC2	P.Value2	adj.P.Val2	Direction2
ENSECAP00000012143	ENSECAP00000035477	635	PPP3CA	0.580574362117488	1.19233282475004e-05	0.0282821346030708	up	WDR82	0.954042974383826	8.06732002267892e-05	0.047839207734486	up
ENSECAP00000035477	ENSECAP00000012143	635	WDR82	0.954042974383826	8.06732002267892e-05	0.047839207734486	up	PPP3CA	0.580574362117488	1.19233282475004e-05	0.0282821346030708	up
